-- Seed Data Migration Script
-- Generated automatically from mock JSON files
-- Run this after applying 001_initial_schema.sql and 002_rls_policies.sql

BEGIN;

-- Insert Owners
INSERT INTO owners (id, name, email, phone, created_at, updated_at) VALUES ('943c73d1-ceda-5578-abb0-db914d931f46', 'John Owner', 'johnowner@gmail.com', '+14155552673', NOW(), NOW()) ON CONFLICT (id) DO NOTHING;
INSERT INTO owners (id, name, email, phone, created_at, updated_at) VALUES ('078b51eb-4966-5e7f-8eae-d5151b79032e', 'Michael Sterling', 'michael.sterling@gmail.com', '+14155552673', NOW(), NOW()) ON CONFLICT (id) DO NOTHING;
INSERT INTO owners (id, name, email, phone, created_at, updated_at) VALUES ('2089cded-11ce-5f91-99ed-df5af744494f', 'Olivia Bennett', 'olivia.bennett@hotmail.com', '+14155552673', NOW(), NOW()) ON CONFLICT (id) DO NOTHING;
INSERT INTO owners (id, name, email, phone, created_at, updated_at) VALUES ('20616874-23e7-57f1-a558-b935495d6d5b', 'Robert Hayes', 'hayesrobert@gmail.com', '+14155552673', NOW(), NOW()) ON CONFLICT (id) DO NOTHING;
INSERT INTO owners (id, name, email, phone, created_at, updated_at) VALUES ('ed84c333-2c85-5ae5-9916-60f4d6c9921b', 'Sophia Reynolds', 'sreynolds@gmail.com', '+14155552673', NOW(), NOW()) ON CONFLICT (id) DO NOTHING;

-- Insert Property Managers
INSERT INTO property_managers (id, name, email, phone, created_at, updated_at) VALUES ('ab7a3be3-4950-50b1-a1b6-6783aa7a4725', 'Sara Johnson', 'sarah@gmail.com', '+14155552673', NOW(), NOW()) ON CONFLICT (id) DO NOTHING;
INSERT INTO property_managers (id, name, email, phone, created_at, updated_at) VALUES ('2fa6c4e0-be26-5f52-bd7f-286d7dd34b80', 'David Reynolds', 'david.reynolds@gmail.com', '+14155552673', NOW(), NOW()) ON CONFLICT (id) DO NOTHING;
INSERT INTO property_managers (id, name, email, phone, created_at, updated_at) VALUES ('128b8f0f-5f80-5ded-a75d-06936e394c51', 'Laura Mitchell', 'laura.mitchell@gmail.com', '+15552224', NOW(), NOW()) ON CONFLICT (id) DO NOTHING;
INSERT INTO property_managers (id, name, email, phone, created_at, updated_at) VALUES ('197fb109-9e81-5753-a647-a71bdff88efd', 'Kevin Thompson', 'kevin.thompson@gmail.com', '+15552225', NOW(), NOW()) ON CONFLICT (id) DO NOTHING;

-- Insert Properties
INSERT INTO properties (id, name, address, year_built, property_type, unit_count, owner_id, manager_id, representative_type, representative_id, created_at, updated_at) VALUES ('7c76dd08-6949-55f2-a211-9d7a342b8a7d', 'Sunset Apartments', 'Spandauer Damm 10-22, 14059 Berlin, Germany', 2026, 'apartment_building'::property_type, 21, '943c73d1-ceda-5578-abb0-db914d931f46', 'ab7a3be3-4950-50b1-a1b6-6783aa7a4725', 'property_manager'::representative_type, 'ab7a3be3-4950-50b1-a1b6-6783aa7a4725', NOW(), NOW()) ON CONFLICT (id) DO NOTHING;
INSERT INTO properties (id, name, address, year_built, property_type, unit_count, owner_id, manager_id, representative_type, representative_id, created_at, updated_at) VALUES ('401c94a1-6f14-52ac-a9bb-cfa4b2f60c34', 'Riverbend Residences', 'Hardenbergpl. 8, 10787 Berlin, Germany', 2005, 'apartment_building'::property_type, 36, '078b51eb-4966-5e7f-8eae-d5151b79032e', '2fa6c4e0-be26-5f52-bd7f-286d7dd34b80', 'property_manager'::representative_type, '2fa6c4e0-be26-5f52-bd7f-286d7dd34b80', NOW(), NOW()) ON CONFLICT (id) DO NOTHING;
INSERT INTO properties (id, name, address, year_built, property_type, unit_count, owner_id, manager_id, representative_type, representative_id, created_at, updated_at) VALUES ('e9ef9ad0-0c28-5c81-aeb7-d5089542b6af', 'Maple Heights', 'Pariser Platz, 10117 Berlin, Germany', 2010, 'apartment_building'::property_type, 18, '2089cded-11ce-5f91-99ed-df5af744494f', '128b8f0f-5f80-5ded-a75d-06936e394c51', 'property_manager'::representative_type, '128b8f0f-5f80-5ded-a75d-06936e394c51', NOW(), NOW()) ON CONFLICT (id) DO NOTHING;
INSERT INTO properties (id, name, address, year_built, property_type, unit_count, owner_id, manager_id, representative_type, representative_id, created_at, updated_at) VALUES ('202f36cc-9314-5de1-9ac8-ac84408c4a62', 'Willow Creek Lofts', 'Prenzlauer Allee 80, 10405 Berlin, Germany', 2015, 'loft_building'::property_type, 12, '20616874-23e7-57f1-a558-b935495d6d5b', '197fb109-9e81-5753-a647-a71bdff88efd', 'property_manager'::representative_type, '197fb109-9e81-5753-a647-a71bdff88efd', NOW(), NOW()) ON CONFLICT (id) DO NOTHING;
INSERT INTO properties (id, name, address, year_built, property_type, unit_count, owner_id, manager_id, representative_type, representative_id, created_at, updated_at) VALUES ('3f5a13f0-ca00-5a91-aabd-33cdecf388e2', 'Poplar Gardens', 'Osloer Str. 12, 13359 Berlin, Germany', 2020, 'modern_apartment_complex'::property_type, 42, 'ed84c333-2c85-5ae5-9916-60f4d6c9921b', NULL, 'owner'::representative_type, 'ed84c333-2c85-5ae5-9916-60f4d6c9921b', NOW(), NOW()) ON CONFLICT (id) DO NOTHING;

-- Insert Owner-Property and Manager-Property Relationships
INSERT INTO owner_properties (owner_id, property_id) VALUES ('943c73d1-ceda-5578-abb0-db914d931f46', '7c76dd08-6949-55f2-a211-9d7a342b8a7d') ON CONFLICT (owner_id, property_id) DO NOTHING;
INSERT INTO manager_properties (manager_id, property_id) VALUES ('ab7a3be3-4950-50b1-a1b6-6783aa7a4725', '7c76dd08-6949-55f2-a211-9d7a342b8a7d') ON CONFLICT (manager_id, property_id) DO NOTHING;
INSERT INTO owner_properties (owner_id, property_id) VALUES ('078b51eb-4966-5e7f-8eae-d5151b79032e', '401c94a1-6f14-52ac-a9bb-cfa4b2f60c34') ON CONFLICT (owner_id, property_id) DO NOTHING;
INSERT INTO manager_properties (manager_id, property_id) VALUES ('2fa6c4e0-be26-5f52-bd7f-286d7dd34b80', '401c94a1-6f14-52ac-a9bb-cfa4b2f60c34') ON CONFLICT (manager_id, property_id) DO NOTHING;
INSERT INTO owner_properties (owner_id, property_id) VALUES ('2089cded-11ce-5f91-99ed-df5af744494f', 'e9ef9ad0-0c28-5c81-aeb7-d5089542b6af') ON CONFLICT (owner_id, property_id) DO NOTHING;
INSERT INTO manager_properties (manager_id, property_id) VALUES ('128b8f0f-5f80-5ded-a75d-06936e394c51', 'e9ef9ad0-0c28-5c81-aeb7-d5089542b6af') ON CONFLICT (manager_id, property_id) DO NOTHING;
INSERT INTO owner_properties (owner_id, property_id) VALUES ('20616874-23e7-57f1-a558-b935495d6d5b', '202f36cc-9314-5de1-9ac8-ac84408c4a62') ON CONFLICT (owner_id, property_id) DO NOTHING;
INSERT INTO manager_properties (manager_id, property_id) VALUES ('197fb109-9e81-5753-a647-a71bdff88efd', '202f36cc-9314-5de1-9ac8-ac84408c4a62') ON CONFLICT (manager_id, property_id) DO NOTHING;
INSERT INTO owner_properties (owner_id, property_id) VALUES ('ed84c333-2c85-5ae5-9916-60f4d6c9921b', '3f5a13f0-ca00-5a91-aabd-33cdecf388e2') ON CONFLICT (owner_id, property_id) DO NOTHING;

-- Insert Tenants
INSERT INTO tenants (id, name, email, phone, address, unit, property_id, created_at, updated_at) VALUES ('b1c4a072-618b-53a2-a16e-d2387c1efa14', 'John Tenant', 'john@gmail.com', '+14155552673', 'Spandauer Damm 10-22, 14059 Berlin, Germany', '4B', '7c76dd08-6949-55f2-a211-9d7a342b8a7d', NOW(), NOW()) ON CONFLICT (id) DO NOTHING;
INSERT INTO tenants (id, name, email, phone, address, unit, property_id, created_at, updated_at) VALUES ('63d3338d-9a5c-5fd2-a51b-d99483e9b25e', 'John Hackathon', 'hckthnspecific@gmail.com', '+15552345', 'Spandauer Damm 10-22, 14059 Berlin, Germany', '2A', '7c76dd08-6949-55f2-a211-9d7a342b8a7d', NOW(), NOW()) ON CONFLICT (id) DO NOTHING;
INSERT INTO tenants (id, name, email, phone, address, unit, property_id, created_at, updated_at) VALUES ('7b668b94-8223-5104-9e69-3d210db1bddb', 'Michael Brown', 'michael.brown@example.com', '+15553456', 'Hardenbergpl. 8, 10787 Berlin, Germany', '10C', '401c94a1-6f14-52ac-a9bb-cfa4b2f60c34', NOW(), NOW()) ON CONFLICT (id) DO NOTHING;
INSERT INTO tenants (id, name, email, phone, address, unit, property_id, created_at, updated_at) VALUES ('5803e546-c51d-50b5-965a-862e45879d09', 'Sophia Williams', 'sophia.williams@example.com', '+15554567', 'Hardenbergpl. 8, 10787 Berlin, Germany', '5B', '401c94a1-6f14-52ac-a9bb-cfa4b2f60c34', NOW(), NOW()) ON CONFLICT (id) DO NOTHING;
INSERT INTO tenants (id, name, email, phone, address, unit, property_id, created_at, updated_at) VALUES ('0414e2e5-7f9e-5034-8066-793217eb84c5', 'Daniel Johnson', 'daniel.johnson@example.com', '+15555678', 'Pariser Platz, 10117 Berlin, Germany', '3D', 'e9ef9ad0-0c28-5c81-aeb7-d5089542b6af', NOW(), NOW()) ON CONFLICT (id) DO NOTHING;
INSERT INTO tenants (id, name, email, phone, address, unit, property_id, created_at, updated_at) VALUES ('3dc7f9be-4c50-5a9b-a1c5-0b7f4c929f4f', 'Olivia Martinez', 'olivia.martinez@example.com', '+15556789', 'Prenzlauer Allee 80, 10405 Berlin, Germany', '7A', '202f36cc-9314-5de1-9ac8-ac84408c4a62', NOW(), NOW()) ON CONFLICT (id) DO NOTHING;
INSERT INTO tenants (id, name, email, phone, address, unit, property_id, created_at, updated_at) VALUES ('b7df001e-0002-507a-9da9-6ac3c990ba6e', 'James Wilson', 'james.wilson@example.com', '+15557890', 'Prenzlauer Allee 80, 10405 Berlin, Germany', '1F', '202f36cc-9314-5de1-9ac8-ac84408c4a62', NOW(), NOW()) ON CONFLICT (id) DO NOTHING;
INSERT INTO tenants (id, name, email, phone, address, unit, property_id, created_at, updated_at) VALUES ('f6e89e70-803d-5763-845c-edf4402dee60', 'Isabella Anderson', 'isabella.anderson@example.com', '+15558901', 'Prenzlauer Allee 80, 10405 Berlin, Germany', '8B', '202f36cc-9314-5de1-9ac8-ac84408c4a62', NOW(), NOW()) ON CONFLICT (id) DO NOTHING;
INSERT INTO tenants (id, name, email, phone, address, unit, property_id, created_at, updated_at) VALUES ('510cf5de-eea0-5dda-98b0-4ce9dbbc1d29', 'Ethan Thomas', 'ethan.thomas@example.com', '+15559012', 'Spandauer Damm 10-22, 14059 Berlin, Germany', '6C', '7c76dd08-6949-55f2-a211-9d7a342b8a7d', NOW(), NOW()) ON CONFLICT (id) DO NOTHING;
INSERT INTO tenants (id, name, email, phone, address, unit, property_id, created_at, updated_at) VALUES ('d6bdc23b-349c-5314-97ec-adaa065ca11b', 'Ava Taylor', 'ava.taylor@example.com', '+15550123', 'Osloer Str. 12, 13359 Berlin, Germany', '4D', '3f5a13f0-ca00-5a91-aabd-33cdecf388e2', NOW(), NOW()) ON CONFLICT (id) DO NOTHING;

-- Insert Vendors and Services
INSERT INTO vendors (id, name, email, phone, emergency_available, created_at, updated_at) VALUES ('fbb4dc23-6e4a-5ee1-9919-e805f4ded107', 'QuickFix Locksmith', 'quickfixdispatch@gmail.com', '+14155552673', true, NOW(), NOW()) ON CONFLICT (id) DO NOTHING;
INSERT INTO vendor_services (vendor_id, service_name) VALUES ('fbb4dc23-6e4a-5ee1-9919-e805f4ded107', 'locksmith') ON CONFLICT (vendor_id, service_name) DO NOTHING;
INSERT INTO vendor_services (vendor_id, service_name) VALUES ('fbb4dc23-6e4a-5ee1-9919-e805f4ded107', 'door_repair') ON CONFLICT (vendor_id, service_name) DO NOTHING;
INSERT INTO vendors (id, name, email, phone, emergency_available, created_at, updated_at) VALUES ('c6566547-c23f-5fdf-9059-f8af17368cd6', 'AquaFlow Plumbing', 'flowaquasupport@gmail.com', '+14155552673', true, NOW(), NOW()) ON CONFLICT (id) DO NOTHING;
INSERT INTO vendor_services (vendor_id, service_name) VALUES ('c6566547-c23f-5fdf-9059-f8af17368cd6', 'plumbing') ON CONFLICT (vendor_id, service_name) DO NOTHING;
INSERT INTO vendors (id, name, email, phone, emergency_available, created_at, updated_at) VALUES ('1826caf4-711c-5f17-b943-9bfb98f9b80d', 'VoltPro Electrical Services', 'voltprocontact@gmail.com', '+14155552673', true, NOW(), NOW()) ON CONFLICT (id) DO NOTHING;
INSERT INTO vendor_services (vendor_id, service_name) VALUES ('1826caf4-711c-5f17-b943-9bfb98f9b80d', 'electrical') ON CONFLICT (vendor_id, service_name) DO NOTHING;
INSERT INTO vendors (id, name, email, phone, emergency_available, created_at, updated_at) VALUES ('2e72d98f-663c-5729-bdc4-97dd5d3fe122', 'ArcticAir HVAC Solutions', 'arcticservice@gmail.com', '+14155552673', true, NOW(), NOW()) ON CONFLICT (id) DO NOTHING;
INSERT INTO vendor_services (vendor_id, service_name) VALUES ('2e72d98f-663c-5729-bdc4-97dd5d3fe122', 'hvac') ON CONFLICT (vendor_id, service_name) DO NOTHING;
INSERT INTO vendors (id, name, email, phone, emergency_available, created_at, updated_at) VALUES ('8c391a97-0118-5638-908d-a21a16c72732', 'HandyHero Maintenance', 'handyhelp@gmail.com', '+14155552673', false, NOW(), NOW()) ON CONFLICT (id) DO NOTHING;
INSERT INTO vendor_services (vendor_id, service_name) VALUES ('8c391a97-0118-5638-908d-a21a16c72732', 'handyman') ON CONFLICT (vendor_id, service_name) DO NOTHING;
INSERT INTO vendor_services (vendor_id, service_name) VALUES ('8c391a97-0118-5638-908d-a21a16c72732', 'general_repair') ON CONFLICT (vendor_id, service_name) DO NOTHING;
INSERT INTO vendors (id, name, email, phone, emergency_available, created_at, updated_at) VALUES ('224f93f2-1b5f-5369-88f9-15fd12024616', 'RapidGlass & Door Repair', 'rapidglassdispatch@gmail.com', '+14155552673', true, NOW(), NOW()) ON CONFLICT (id) DO NOTHING;
INSERT INTO vendor_services (vendor_id, service_name) VALUES ('224f93f2-1b5f-5369-88f9-15fd12024616', 'glass_repair') ON CONFLICT (vendor_id, service_name) DO NOTHING;
INSERT INTO vendor_services (vendor_id, service_name) VALUES ('224f93f2-1b5f-5369-88f9-15fd12024616', 'door_repair') ON CONFLICT (vendor_id, service_name) DO NOTHING;
INSERT INTO vendor_services (vendor_id, service_name) VALUES ('224f93f2-1b5f-5369-88f9-15fd12024616', 'locksmith') ON CONFLICT (vendor_id, service_name) DO NOTHING;
INSERT INTO vendors (id, name, email, phone, emergency_available, created_at, updated_at) VALUES ('1463aaa1-c326-5eb8-aae4-c2a1ce29b368', 'Safe Pest Control', 'Safesupport@gmail.com', '+14155552673', false, NOW(), NOW()) ON CONFLICT (id) DO NOTHING;
INSERT INTO vendor_services (vendor_id, service_name) VALUES ('1463aaa1-c326-5eb8-aae4-c2a1ce29b368', 'pest_control') ON CONFLICT (vendor_id, service_name) DO NOTHING;
INSERT INTO vendors (id, name, email, phone, emergency_available, created_at, updated_at) VALUES ('1b583821-f90d-5e5e-aa8d-e31039c66a9f', 'ClearFlow Drain Services', 'clearflowservice@gmail.com', '+14155552673', true, NOW(), NOW()) ON CONFLICT (id) DO NOTHING;
INSERT INTO vendor_services (vendor_id, service_name) VALUES ('1b583821-f90d-5e5e-aa8d-e31039c66a9f', 'drain_cleaning') ON CONFLICT (vendor_id, service_name) DO NOTHING;
INSERT INTO vendor_services (vendor_id, service_name) VALUES ('1b583821-f90d-5e5e-aa8d-e31039c66a9f', 'plumbing') ON CONFLICT (vendor_id, service_name) DO NOTHING;
INSERT INTO vendors (id, name, email, phone, emergency_available, created_at, updated_at) VALUES ('e510e1ea-be40-5246-835b-f9482ec29999', 'BrightSpark Appliance Repair', 'brightsparkrepair@gmail.com', '+14155552673', false, NOW(), NOW()) ON CONFLICT (id) DO NOTHING;
INSERT INTO vendor_services (vendor_id, service_name) VALUES ('e510e1ea-be40-5246-835b-f9482ec29999', 'appliance_repair') ON CONFLICT (vendor_id, service_name) DO NOTHING;
INSERT INTO vendors (id, name, email, phone, emergency_available, created_at, updated_at) VALUES ('090f9c13-33df-5899-b3ff-c9f0617f0816', 'SecureAccess Systems', 'SecureAccessSupport@gmail.com', '+14155552673', true, NOW(), NOW()) ON CONFLICT (id) DO NOTHING;
INSERT INTO vendor_services (vendor_id, service_name) VALUES ('090f9c13-33df-5899-b3ff-c9f0617f0816', 'access_control') ON CONFLICT (vendor_id, service_name) DO NOTHING;
INSERT INTO vendor_services (vendor_id, service_name) VALUES ('090f9c13-33df-5899-b3ff-c9f0617f0816', 'security_systems') ON CONFLICT (vendor_id, service_name) DO NOTHING;
INSERT INTO vendor_services (vendor_id, service_name) VALUES ('090f9c13-33df-5899-b3ff-c9f0617f0816', 'locksmith') ON CONFLICT (vendor_id, service_name) DO NOTHING;

-- Insert Requests, Involved Parties, and Conversations
INSERT INTO requests (id, requester_id, property_id, vendor_id, type, description, status, urgency, escalated, sentiment, confidence, notification_pending, summary, created_at, updated_at) VALUES ('120c6930-919d-5495-bc33-c20e069c03b0', 'b1c4a072-618b-53a2-a16e-d2387c1efa14', '7c76dd08-6949-55f2-a211-9d7a342b8a7d', NULL, 'plumbing'::request_type, 'i have an issue with my plumbing', 'pending'::request_status, 'low'::request_urgency, true, 'neutral', 1, true, 'The tenant is experiencing low water pressure specifically in their shower and has requested that the property manager be notified to arrange a repair. The AI is currently seeking additional clarification on the nature of the issue before escalating the request to the property management team.', '2026-06-04T22:59:59.602997+00:00', '2026-06-04T22:59:59.602997+00:00') ON CONFLICT (id) DO NOTHING;
INSERT INTO request_involved_parties (request_id, party_id, party_type) VALUES ('120c6930-919d-5495-bc33-c20e069c03b0', 'b1c4a072-618b-53a2-a16e-d2387c1efa14', 'tenant') ON CONFLICT (request_id, party_id, party_type) DO NOTHING;
INSERT INTO conversation_messages (id, request_id, role, message, timestamp) VALUES ('b8fa38d3-2ff6-45c4-ab56-6e575189d60f', '120c6930-919d-5495-bc33-c20e069c03b0', 'ai'::message_role, 'Hello John Tenant. We are delighted to have you at Spandauer Damm 10-22, 14059 Berlin, Germany. How can I assist you today?', '2026-06-04T22:55:30.580Z') ON CONFLICT (id) DO NOTHING;
INSERT INTO conversation_messages (id, request_id, role, message, timestamp) VALUES ('96a49b32-46ea-4036-ad39-c94eab14bc61', '120c6930-919d-5495-bc33-c20e069c03b0', 'tenant'::message_role, 'i have an issue with my plumbing', '2026-06-04T22:56:44.774Z') ON CONFLICT (id) DO NOTHING;
INSERT INTO conversation_messages (id, request_id, role, message, timestamp) VALUES ('6706c91d-2158-4a62-bb2b-17eaa5c13659', '120c6930-919d-5495-bc33-c20e069c03b0', 'ai'::message_role, 'I''m sorry to hear you''re having trouble with your plumbing, John. To help me get the right person to assist you, could you please describe the specific issue? For example, is it a leak, a clogged drain, or a problem with water pressure?', '2026-06-04T22:56:49.467Z') ON CONFLICT (id) DO NOTHING;
INSERT INTO conversation_messages (id, request_id, role, message, timestamp) VALUES ('ff11984e-a927-4427-9bd2-5fde70fbdb97', '120c6930-919d-5495-bc33-c20e069c03b0', 'tenant'::message_role, 'its a water pressure problem with my shower head, there is barely enough pressure to take a proper bath', '2026-06-04T22:57:34.981Z') ON CONFLICT (id) DO NOTHING;
INSERT INTO conversation_messages (id, request_id, role, message, timestamp) VALUES ('da408874-96f3-4569-ae0f-7e09ec30d750', '120c6930-919d-5495-bc33-c20e069c03b0', 'ai'::message_role, 'I''m sorry to hear you''re having trouble with your shower''s water pressure, John. To help me coordinate the right repair, could you please let me know if this is happening in other faucets throughout your apartment as well, or is it isolated just to the shower?', '2026-06-04T22:57:37.009Z') ON CONFLICT (id) DO NOTHING;
INSERT INTO conversation_messages (id, request_id, role, message, timestamp) VALUES ('b5ca17e6-1ea5-474d-bcad-0d9687a1d3a8', '120c6930-919d-5495-bc33-c20e069c03b0', 'tenant'::message_role, 'Isolated to the shower only, can you contact the property manager and relevant party?', '2026-06-04T22:59:09.714Z') ON CONFLICT (id) DO NOTHING;
INSERT INTO conversation_messages (id, request_id, role, message, timestamp) VALUES ('74b39ec1-1850-4ef4-8214-8f3f3dd5176f', '120c6930-919d-5495-bc33-c20e069c03b0', 'ai'::message_role, 'I''m sorry to hear you''re having trouble with your shower. To make sure I get the right person out to help, could you please clarify if this is a leak, a clog, or an issue with the water temperature/pressure?

Relevant links:
- Can a property manager tell me not to use my only shower with no ...: https://www.avvo.com/legal-answers/can-a-property-manager-tell-me-not-to-use-my-only--5507640.html - You are entitled to a rent abatement for the period of time you are living without a tub/shower. See if there is a local health club like...
- Is it okay to tell your landlord the shower doesn''t get hot enough, or ...: https://www.quora.com/Is-it-okay-to-tell-your-landlord-the-shower-doesnt-get-hot-enough-or-is-that-not-their-job - However, do not tell him that the shower does not get hot enough. First call and text your property manager. DO NOT TRY TO FIX IT YOUR SE...
- Came home from work this afternoon to find my water randomly shut ...: https://www.reddit.com/r/shitrentals/comments/1i1v87x/came_home_from_work_this_afternoon_to_find_my - Property manager suggests going to the local gym to shower. Water comes under urgent repairs in Vic, which means you are legally able to', '2026-06-04T22:59:15.215Z') ON CONFLICT (id) DO NOTHING;
INSERT INTO requests (id, requester_id, property_id, vendor_id, type, description, status, urgency, escalated, sentiment, confidence, notification_pending, summary, created_at, updated_at) VALUES ('f635bdb9-bf83-5f87-aad4-7e03c9146375', 'b1c4a072-618b-53a2-a16e-d2387c1efa14', '7c76dd08-6949-55f2-a211-9d7a342b8a7d', NULL, 'general'::request_type, 'I have an electrical issue, there is no power and i need it for my respiratory system', 'pending'::request_status, 'low'::request_urgency, true, 'neutral', 1, true, NULL, '2026-06-04T23:42:55.072668+00:00', '2026-06-04T23:42:55.072668+00:00') ON CONFLICT (id) DO NOTHING;
INSERT INTO request_involved_parties (request_id, party_id, party_type) VALUES ('f635bdb9-bf83-5f87-aad4-7e03c9146375', 'b1c4a072-618b-53a2-a16e-d2387c1efa14', 'tenant') ON CONFLICT (request_id, party_id, party_type) DO NOTHING;
INSERT INTO conversation_messages (id, request_id, role, message, timestamp) VALUES ('b5f3f2f6-5e13-4528-ba12-edf1a6a6a938', 'f635bdb9-bf83-5f87-aad4-7e03c9146375', 'ai'::message_role, 'Hello John Tenant. We are delighted to have you at Spandauer Damm 10-22, 14059 Berlin, Germany. How can I assist you today?', '2026-06-04T23:40:07.898Z') ON CONFLICT (id) DO NOTHING;
INSERT INTO conversation_messages (id, request_id, role, message, timestamp) VALUES ('31207110-032d-43c4-a35e-9329190f1673', 'f635bdb9-bf83-5f87-aad4-7e03c9146375', 'tenant'::message_role, 'I have an electrical issue, there is no power and i need it for my respiratory system', '2026-06-04T23:40:41.042Z') ON CONFLICT (id) DO NOTHING;
INSERT INTO conversation_messages (id, request_id, role, message, timestamp) VALUES ('cb96fdc8-9288-4a99-9008-482ca5a6d565', 'f635bdb9-bf83-5f87-aad4-7e03c9146375', 'ai'::message_role, 'I am very sorry to hear this, John. Because this involves your medical equipment, this is being treated as an emergency. Please prioritize your safety and seek medical assistance if needed. I have escalated this to the property manager immediately to restore power as a top priority.', '2026-06-04T23:40:42.176Z') ON CONFLICT (id) DO NOTHING;
INSERT INTO conversation_messages (id, request_id, role, message, timestamp) VALUES ('a50e99f6-a34c-4e8a-b790-d254fd08055d', 'f635bdb9-bf83-5f87-aad4-7e03c9146375', 'tenant'::message_role, 'provide me with some information on the internet on how to give power to my respiratory system?', '2026-06-04T23:41:31.848Z') ON CONFLICT (id) DO NOTHING;
INSERT INTO conversation_messages (id, request_id, role, message, timestamp) VALUES ('13ec70dd-54b2-4a2b-86ce-9c9ea07313e4', 'f635bdb9-bf83-5f87-aad4-7e03c9146375', 'ai'::message_role, 'I''m sorry, but I''m not sure I understand your request. As a property operations coordinator for Ranting Chant, I am here to assist with maintenance, lease, or building-related issues at your apartment. If you are experiencing a medical emergency, please contact local emergency services immediately. Otherwise, could you please clarify how I can help you with your property?

Relevant links:
- Respiratory System: Organs, Facts, Anatomy & Function: https://my.clevelandclinic.org/health/body/21205-respiratory-system - # Respiratory System. Your respiratory system is made up of your lungs, airways (trachea, bronchi and bronchioles), diaphragm, voice box,...
- How We Breathe - Craig Hospital: https://craighospital.org/resources/how-we-breathe - The role of the respiratory system is to breathe in oxygen and breathe out carbon dioxide. This is known as respiration.
- How the Lungs Work - The Respiratory System | NHLBI, NIH: https://www.nhlbi.nih.gov/health/lungs/respiratory-system - An official website of the United States government. A **.gov** website belongs to an official government organization in the United Stat...', '2026-06-04T23:41:35.689Z') ON CONFLICT (id) DO NOTHING;

COMMIT;
